City_ID,City,Lat,Lng,Max Temp,Humidity,Cloudiness,Wind Speed,Country,Date
0,saint george,37.1041,-113.5841,19.41,35,0,6.69,US,1667868503
1,avarua,-21.2078,-159.775,25.03,65,75,3.09,CK,1667868618
2,hobart,-42.8794,147.3294,25.03,57,0,5.66,AU,1667868324
3,hualmay,-11.0964,-77.6139,17.98,82,16,2.86,PE,1667868668
4,hermanus,-34.4187,19.2345,11.0,87,13,3.09,ZA,1667868555
5,poroshkovo,48.6683,22.7533,8.9,87,99,1.28,UA,1667868668
6,sitka,57.0531,-135.33,2.94,23,0,0.0,US,1667868641
7,lebu,-37.6167,-73.65,12.09,84,100,4.27,CL,1667868468
8,albany,42.6001,-73.9662,11.3,48,5,0.45,US,1667868195
9,hithadhoo,-0.6,73.0833,27.75,76,13,8.41,MV,1667868570
10,maniitsoq,65.4167,-52.9,-8.38,55,0,3.1,GL,1667868670
11,east london,-33.0153,27.9116,19.66,87,100,6.1,ZA,1667868611
12,berlevag,70.8578,29.0864,1.0,86,75,3.6,NO,1667868639
13,porciuncula,-20.9628,-42.0408,18.7,97,100,1.01,BR,1667868671
14,puerto ayora,-0.7393,-90.3518,19.75,84,91,1.79,EC,1667868596
15,kodiak,57.79,-152.4072,3.73,87,100,7.2,US,1667868356
16,sisimiut,66.9395,-53.6735,-11.58,86,9,4.71,GL,1667868672
17,kapaa,22.0752,-159.319,28.99,72,20,6.17,US,1667868584
18,nizhnyaya tura,58.6293,59.8118,-2.18,90,100,3.38,RU,1667868673
19,busselton,-33.65,115.3333,17.36,65,97,4.38,AU,1667868546
20,breisach,48.0333,7.5833,11.06,89,0,1.03,DE,1667868673
21,yellowknife,62.456,-114.3525,-13.71,78,75,3.6,CA,1667868375
22,bengkulu,-3.8004,102.2655,24.03,89,100,1.12,ID,1667868391
23,tuktoyaktuk,69.4541,-133.0374,-17.0,78,20,4.12,CA,1667868616
24,mutsu,41.2894,141.2169,12.0,68,100,0.27,JP,1667868674
25,vaini,-21.2,-175.2,27.09,74,20,3.09,TO,1667868559
26,gornopravdinsk,60.05,69.9,-6.96,97,100,2.95,RU,1667868675
27,kuusamo,65.9667,29.1833,-3.98,93,100,2.06,FI,1667868676
28,mangan,27.5167,88.5333,16.31,54,3,2.19,IN,1667868676
29,klaksvik,62.2266,-6.589,9.51,90,100,16.03,FO,1667868677
30,cam ranh,11.9214,109.1591,26.98,65,20,3.09,VN,1667868678
31,punta arenas,-53.15,-70.9167,13.06,67,0,7.72,CL,1667868441
32,tasiilaq,65.6145,-37.6368,-1.07,97,100,2.37,GL,1667868588
33,victoria,22.2855,114.1577,22.92,90,100,4.02,HK,1667868461
34,cape town,-33.9258,18.4232,16.18,86,100,1.03,ZA,1667868624
35,muisne,0.6,-80.0333,23.43,77,75,2.59,EC,1667868680
36,port blair,11.6667,92.75,26.02,89,100,1.03,IN,1667868680
37,mataura,-46.1927,168.8643,18.6,38,71,1.73,NZ,1667868390
38,marawi,7.9986,124.2928,26.28,71,28,0.68,PH,1667868681
39,porto santo,33.072,-16.3415,19.21,94,20,1.03,PT,1667868682
40,georgetown,5.4112,100.3354,28.46,88,20,2.24,MY,1667868634
41,beringovskiy,63.05,179.3167,-1.27,97,100,6.79,RU,1667868560
42,barrow,71.2906,-156.7887,-3.99,80,100,10.29,US,1667868594
43,saint-philippe,-21.3585,55.7679,21.77,76,37,3.04,RE,1667868571
44,freeport,40.6576,-73.5832,21.2,27,0,5.66,US,1667868455
45,babu,24.4167,111.5167,22.55,68,70,0.63,CN,1667868684
46,bluff,-46.6,168.3333,18.78,67,87,3.06,NZ,1667868640
47,mahebourg,-20.4081,57.7,22.16,88,20,2.06,MU,1667868588
48,jamestown,42.097,-79.2353,9.77,64,0,3.6,US,1667868510
49,ulladulla,-35.35,150.4667,21.15,57,4,5.3,AU,1667868624
50,snasa,64.2457,12.3778,1.67,86,15,1.69,NO,1667868685
51,ushuaia,-54.8,-68.3,14.81,55,75,6.69,AR,1667868392
52,dikson,73.5069,80.5464,-14.69,95,100,3.55,RU,1667868553
53,altagracia de orituco,9.8601,-66.3814,23.38,83,90,0.61,VE,1667868686
54,qaanaaq,77.484,-69.3632,-18.14,97,100,2.23,GL,1667868393
55,bambous virieux,-20.3428,57.7575,22.14,88,20,2.06,MU,1667868687
56,padang,-0.9492,100.3543,25.03,80,100,0.93,ID,1667868431
57,provideniya,64.3833,-173.3,0.06,74,100,10.0,RU,1667868687
58,nanortalik,60.1432,-45.2371,-2.06,87,100,1.54,GL,1667868606
59,ikalamavony,-21.15,46.5833,20.01,86,100,0.92,MG,1667868688
60,severo-kurilsk,50.6789,156.125,4.29,74,78,8.06,RU,1667868586
61,otane,-39.8833,176.6333,18.34,56,41,3.33,NZ,1667868504
62,mankapur,27.0333,82.2333,20.18,72,93,0.42,IN,1667868689
63,hambantota,6.1241,81.1185,24.19,100,75,1.03,LK,1667868636
64,ponta do sol,32.6667,-17.1,20.4,86,94,1.68,PT,1667868616
65,cayenne,4.9333,-52.3333,24.02,94,0,1.03,GF,1667868554
66,olinda,-8.0089,-34.8553,26.85,74,40,3.09,BR,1667868690
67,cabo san lucas,22.8909,-109.9124,25.03,68,0,4.47,MX,1667868528
68,atuona,-9.8,-139.0333,25.09,68,100,6.34,PF,1667868573
69,lavrentiya,65.5833,-171.0,-1.71,97,100,9.81,RU,1667868556
70,poum,-20.2333,164.0167,25.58,80,100,6.11,NC,1667868691
71,nikolskoye,59.7035,30.7861,3.94,93,100,3.94,RU,1667868572
72,deputatskiy,69.3,139.9,-21.13,94,100,2.56,RU,1667868692
73,westport,41.1415,-73.3579,20.01,24,0,5.14,US,1667868692
74,murdochville,48.9583,-65.5006,5.49,69,12,8.45,CA,1667868693
75,hasaki,35.7333,140.8333,17.38,54,0,6.27,JP,1667868635
76,benidorm,38.5382,-0.131,16.28,63,57,2.2,ES,1667868694
77,elburg,52.4475,5.8431,13.32,84,65,1.34,NL,1667868694
78,sao filipe,14.8961,-24.4956,25.55,66,100,1.87,CV,1667868629
79,mar del plata,-38.0023,-57.5575,17.27,88,0,5.81,AR,1667868569
80,hobyo,5.3505,48.5268,26.54,74,27,3.05,SO,1667868695
81,arraial do cabo,-22.9661,-42.0278,19.98,88,75,1.54,BR,1667868576
82,sept-iles,50.2001,-66.3821,6.0,74,20,5.14,CA,1667868649
83,pio ix,-6.8375,-40.5792,23.95,75,79,2.83,BR,1667868696
84,balaipungut,1.05,101.2833,25.51,89,90,0.66,ID,1667868696
85,balkhash,46.844,74.9804,5.37,85,100,8.98,KZ,1667868697
86,bredasdorp,-34.5322,20.0403,13.65,92,88,2.6,ZA,1667868583
87,margate,51.3813,1.3862,15.5,79,100,4.47,GB,1667868698
88,carnarvon,-24.8667,113.6333,20.8,58,0,6.23,AU,1667868593
89,mahon,39.8885,4.2658,18.31,72,75,2.57,ES,1667868698
90,falun,60.6036,15.626,7.23,97,100,1.36,SE,1667868699
91,port alfred,-33.5906,26.891,17.88,89,100,2.68,ZA,1667868568
92,urumqi,43.801,87.6005,0.53,80,2,1.0,CN,1667868644
93,fortuna,40.5982,-124.1573,9.25,94,75,6.17,US,1667868646
94,saint-francois,46.4154,3.9054,4.82,93,0,1.03,FR,1667868700
95,sembe,1.6481,14.5806,21.35,98,100,0.46,CG,1667868700
96,saint-pierre,-21.3393,55.4781,21.82,64,0,2.57,RE,1667868613
97,sorong,-0.8833,131.25,27.77,80,100,2.57,ID,1667868701
98,axim,4.8699,-2.2405,25.59,86,100,1.82,GH,1667868702
99,emba,48.8264,58.1442,-4.56,93,25,2.26,KZ,1667868702
100,luwuk,-0.9516,122.7875,28.32,75,99,1.21,ID,1667868703
101,inverbervie,56.8446,-2.28,12.47,87,100,12.29,GB,1667868703
102,da nang,16.0678,108.2208,23.99,78,40,1.03,VN,1667868689
103,ilulissat,69.2167,-51.1,-21.96,88,15,2.91,GL,1667868617
104,khatanga,71.9667,102.5,-14.24,96,100,2.17,RU,1667868585
105,bonfim,3.0833,-59.95,25.37,86,98,1.48,BR,1667868704
106,puerto baquerizo moreno,-0.9,-89.6,18.82,77,100,4.61,EC,1667868705
107,chernyshevskiy,63.0128,112.4714,-9.99,96,100,1.02,RU,1667868705
108,port hardy,50.6996,-127.4199,2.1,51,20,9.26,CA,1667868336
109,kruisfontein,-34.0033,24.7314,13.67,84,93,2.39,ZA,1667868706
110,araioses,-2.89,-41.9031,25.89,83,91,4.56,BR,1667868706
111,havre,49.5833,0.3333,13.87,77,0,6.69,FR,1667868504
112,sao joao da barra,-21.6403,-41.0511,22.05,74,100,1.98,BR,1667868707
113,kieta,-6.2167,155.6333,29.43,73,28,3.9,PG,1667868591
114,lompoc,34.6391,-120.4579,15.08,79,40,4.12,US,1667868571
115,rikitea,-23.1203,-134.9692,23.14,92,100,8.47,PF,1667868480
116,guerrero negro,27.9769,-114.0611,19.1,73,66,5.88,MX,1667868375
117,airai,-8.9266,125.4092,22.86,59,90,0.48,TL,1667868633
118,ambilobe,-13.2,49.05,21.68,76,100,2.25,MG,1667868708
119,dunedin,-45.8742,170.5036,15.17,71,83,4.84,NZ,1667868708
120,pietarsaari,63.65,22.6833,3.27,87,100,5.42,FI,1667868709
121,bethel,41.3712,-73.414,20.2,18,0,3.6,US,1667868346
122,melbu,68.5044,14.8297,-0.1,100,75,1.54,NO,1667868709
123,hamilton,39.1834,-84.5333,14.47,35,0,3.6,US,1667868631
124,korla,41.7597,86.1469,6.88,42,7,1.61,CN,1667868609
125,xingtai,37.0631,114.4942,11.59,32,0,1.61,CN,1667868710
126,hilo,19.7297,-155.09,27.85,73,40,4.12,US,1667868547
127,iqaluit,63.7506,-68.5145,-7.15,57,75,6.71,CA,1667868711
128,qiongshan,20.0058,110.3542,22.99,88,75,5.0,CN,1667868712
129,black river,18.0264,-77.8487,25.84,73,37,1.28,JM,1667868642
130,kemijarvi,66.7131,27.4306,-5.06,98,35,0.75,FI,1667868713
131,viedma,-40.8135,-62.9967,20.54,44,75,6.47,AR,1667868587
132,majene,-3.5403,118.9707,28.23,73,90,2.06,ID,1667868713
133,uglich,57.5275,38.3317,2.37,96,100,4.04,RU,1667868714
134,telimele,10.9167,-13.3333,22.64,79,96,0.95,GN,1667868714
135,upernavik,72.7868,-56.1549,-13.16,88,94,3.18,GL,1667868715
136,pangnirtung,66.1451,-65.7125,-14.76,61,55,2.75,CA,1667868642
137,hay river,60.8156,-115.7999,-16.01,72,40,2.06,CA,1667868715
138,kiunga,-6.1219,141.2906,24.39,96,100,1.29,PG,1667868716
139,port elizabeth,-33.918,25.5701,16.84,90,0,7.2,ZA,1667868631
140,grindavik,63.8424,-22.4338,5.97,87,75,7.72,IS,1667868716
141,itacare,-14.2775,-38.9967,23.13,75,100,4.4,BR,1667868717
142,yulara,-25.2406,130.9889,33.52,21,89,7.5,AU,1667868717
143,agogo,6.8,-1.0819,21.23,88,100,1.15,GH,1667868718
144,prince albert,53.2001,-105.7677,-12.03,85,100,8.23,CA,1667868718
145,kachug,53.9606,105.8817,-4.4,86,96,2.0,RU,1667868718
146,south venice,27.0531,-82.4243,25.56,66,3,0.45,US,1667868719
147,clyde river,70.4692,-68.5914,-10.87,67,75,3.09,CA,1667868630
148,bonthe,7.5264,-12.505,25.86,84,99,1.68,SL,1667868630
149,dicabisagan,17.0818,122.4157,26.67,85,93,2.16,PH,1667868720
150,moron,-34.6534,-58.6198,20.52,74,0,3.79,AR,1667868720
151,tazovskiy,67.4667,78.7,-8.28,96,100,3.53,RU,1667868720
152,ferkessedougou,9.6,-5.2,22.7,33,79,2.11,CI,1667868721
153,castro,-24.7911,-50.0119,10.07,95,0,2.18,BR,1667868343
154,nisia floresta,-6.0911,-35.2086,25.45,78,100,3.13,BR,1667868722
155,lokosovo,61.1333,74.8167,-7.29,95,100,3.41,RU,1667868722
156,crotone,39.0851,17.1178,14.55,72,0,1.96,IT,1667868723
157,cruzeiro do oeste,-23.785,-53.0733,17.15,62,32,1.34,BR,1667868723
158,nabire,-3.3667,135.4833,30.7,63,61,1.2,ID,1667868561
159,ribeira grande,38.5167,-28.7,17.1,72,100,2.68,PT,1667868574
160,ust-ishim,57.6935,71.1665,-1.94,78,100,1.45,RU,1667868724
161,starodub,52.5844,32.7633,4.29,74,100,5.3,RU,1667868725
162,orshanka,56.9161,47.8933,0.05,96,100,3.28,RU,1667868725
163,forestville,38.8451,-76.875,19.73,58,0,0.0,US,1667868726
164,caranavi,-15.8167,-67.55,20.55,56,100,1.19,BO,1667868435
165,half moon bay,37.4636,-122.4286,13.51,75,40,6.17,US,1667868560
166,souillac,-20.5167,57.5167,22.21,88,20,2.06,MU,1667868621
167,butaritari,3.0707,172.7902,26.87,75,29,2.86,KI,1667868587
168,nokaneng,-19.6667,22.2667,21.03,82,100,1.28,BW,1667868728
169,nome,64.5011,-165.4064,0.04,93,100,15.43,US,1667868391
170,mangaluru,12.8667,74.8833,24.48,94,100,1.54,IN,1667868728
171,henties bay,-22.116,14.2845,16.32,90,2,1.9,NA,1667868729
172,muros,42.7762,-9.0603,14.82,84,100,7.98,ES,1667868729
173,maxixe,-23.8597,35.3472,23.77,87,39,3.18,MZ,1667868730
174,sokoni,-6.4333,39.55,25.62,84,11,3.59,TZ,1667868730
175,tiksi,71.6872,128.8694,-17.33,91,100,7.97,RU,1667868626
176,yokadouma,3.5167,15.05,21.66,91,100,0.86,CM,1667868731
177,cacequi,-29.8836,-54.825,15.09,68,0,5.66,BR,1667868732
178,meulaboh,4.1363,96.1285,25.53,85,79,0.84,ID,1667868566
179,khorixas,-20.3667,14.9667,17.64,50,0,0.43,NA,1667868732
180,norman wells,65.282,-126.8329,-15.98,85,20,4.12,CA,1667868607
181,puerto el triunfo,13.2833,-88.55,25.7,82,30,0.27,SV,1667868733
182,asfi,32.2994,-9.2372,17.84,82,84,1.54,MA,1667868734
183,orsha,54.5153,30.4053,6.5,96,100,4.86,BY,1667868543
184,tuckahoe,37.5901,-77.5564,19.77,63,0,0.45,US,1667868735
185,pevek,69.7008,170.3133,-16.99,95,15,0.58,RU,1667868735
186,kahului,20.8947,-156.47,31.01,62,0,10.8,US,1667868735
187,ahuimanu,21.4447,-157.8378,29.84,67,40,8.75,US,1667868736
188,port lincoln,-34.7333,135.8667,26.21,41,100,6.97,AU,1667868737
189,husavik,66.0449,-17.3389,4.29,90,100,4.54,IS,1667868610
190,shu,43.5983,73.7614,7.11,80,100,3.56,KZ,1667868738
191,new norfolk,-42.7826,147.0587,24.84,34,20,0.45,AU,1667868557
192,ewa beach,21.3156,-158.0072,29.97,57,40,8.75,US,1667868738
193,kaitangata,-46.2817,169.8464,13.88,72,100,2.84,NZ,1667868559
194,alofi,-19.0595,-169.9187,26.94,65,75,6.17,NU,1667868740
195,douglas,41.3,-96.167,8.7,41,0,6.17,US,1667868681
196,chifeng,42.2683,118.9636,4.47,30,1,2.13,CN,1667868742
197,belmonte,-15.8631,-38.8828,21.82,77,100,3.17,BR,1667868742
198,katsuura,35.1333,140.3,17.23,71,0,4.76,JP,1667868743
199,constitucion,-35.3333,-72.4167,12.56,81,97,4.6,CL,1667868743
200,road town,18.4167,-64.6167,28.05,75,100,5.13,VG,1667868627
201,nouadhibou,20.931,-17.0347,19.99,77,6,3.6,MR,1667868744
202,sokoto,13.0609,5.239,23.46,20,59,4.21,NG,1667868744
203,atbasar,51.8,68.3333,-5.54,95,27,2.4,KZ,1667868745
204,gossas,14.4912,-16.0642,25.88,41,66,3.15,SN,1667868745
205,omsukchan,62.5333,155.8,-11.94,93,100,1.92,RU,1667868746
206,hami,42.8,93.45,7.22,30,100,0.67,CN,1667868746
207,sinop,41.7711,34.8709,10.52,95,100,2.04,TR,1667868747
208,caldwell,43.6629,-116.6874,7.86,51,75,3.6,US,1667868747
209,goderich,43.7501,-81.7165,8.84,57,12,5.14,CA,1667868748
210,codrington,-38.2667,141.9667,23.29,65,6,4.48,AU,1667868657
211,palu,-0.8917,119.8707,28.57,73,99,0.37,ID,1667868748
212,talnakh,69.4865,88.3972,-19.81,100,88,2.56,RU,1667868575
213,lipari,38.4674,14.954,17.4,60,17,1.77,IT,1667868749
214,slawno,54.3628,16.6789,11.4,83,100,5.65,PL,1667868749
215,sobolevo,54.4299,31.8996,5.42,89,100,5.16,RU,1667868750
216,jiaojiang,28.6803,121.4428,20.0,68,0,1.89,CN,1667868750
217,longyearbyen,78.2186,15.6401,-4.09,80,75,6.69,SJ,1667868551
218,naze,28.3667,129.4833,21.51,59,2,4.54,JP,1667868717
219,thompson,55.7435,-97.8558,-20.91,84,20,0.0,CA,1667868580
220,beisfjord,68.3751,17.5988,3.91,96,99,1.54,NO,1667868751
221,davila,18.4726,120.5763,25.99,74,55,4.23,PH,1667868752
222,huarmey,-10.0681,-78.1522,18.34,82,47,3.12,PE,1667868752
223,sibolga,1.7427,98.7792,25.6,81,100,0.77,ID,1667868605
224,dezful,32.3811,48.4058,18.42,23,0,1.62,IR,1667868753
225,ternate,0.8,127.4,28.87,70,100,1.44,ID,1667868753
226,alenquer,-1.9417,-54.7383,23.95,94,100,1.26,BR,1667868754
227,rovaniemi,66.5,25.7167,-3.33,100,100,0.51,FI,1667868754
228,verkhoyansk,67.5447,133.385,-18.24,98,100,1.15,RU,1667868755
229,redlands,34.0556,-117.1825,16.85,83,99,1.34,US,1667868662
230,virginia beach,36.8529,-75.978,21.12,59,20,2.06,US,1667868753
231,mehran,33.1222,46.1646,17.15,22,0,2.17,IR,1667868755
232,tessalit,20.1986,1.0114,22.08,18,0,4.37,ML,1667868756
233,richards bay,-28.783,32.0377,21.23,94,90,3.25,ZA,1667868756
234,koungou,-12.7336,45.2042,25.84,78,40,4.12,YT,1667868757
235,lagoa,39.05,-27.9833,17.27,67,100,8.2,PT,1667868757
236,san rafael,-34.6177,-68.3301,24.94,27,100,5.23,AR,1667868758
237,doctor juan manuel frutos,-25.3667,-55.8,17.36,62,42,1.52,PY,1667868758
238,zhangye,38.9342,100.4517,4.81,34,0,1.57,CN,1667868759
239,colwyn bay,53.2948,-3.7267,13.3,3,100,9.39,GB,1667868759
240,nyurba,63.2842,118.3319,-15.36,96,100,2.15,RU,1667868759
241,poddorye,57.4695,31.1156,5.82,95,100,4.44,RU,1667868760
242,comodoro rivadavia,-45.8667,-67.5,22.92,31,40,2.57,AR,1667868760
243,cidreira,-30.1811,-50.2056,16.47,82,12,5.27,BR,1667868568
244,kibondo,-3.5864,30.7203,15.32,96,100,1.38,TZ,1667868761
245,grand gaube,-20.0064,57.6608,22.22,78,13,1.34,MU,1667868548
246,colares,38.7992,-9.4469,19.31,96,75,6.26,PT,1667868762
247,pipar,26.3856,73.5378,22.75,35,25,1.18,IN,1667868762
248,boa vista,2.8197,-60.6733,26.99,78,40,3.09,BR,1667868763
249,yumen,40.2833,97.2,2.67,36,51,0.87,CN,1667868721
250,evanston,42.0411,-87.6901,8.39,64,0,2.57,US,1667868684
251,tilichiki,60.4667,166.1,-7.37,92,100,3.07,RU,1667868763
252,liuhe,42.2401,125.7172,5.03,48,14,2.83,CN,1667868764
253,pavlodar,52.3,76.95,-2.11,93,0,1.0,KZ,1667868764
254,sampit,-2.5333,112.95,25.42,85,100,1.85,ID,1667868765
255,launceston,-41.45,147.1667,24.78,40,14,4.63,AU,1667868765
256,chik,54.9928,82.4311,-1.14,86,0,3.0,RU,1667868766
257,te anau,-45.4167,167.7167,18.41,49,55,2.68,NZ,1667868766
258,evinayong,1.4368,10.5512,19.43,98,100,0.52,GQ,1667868767
259,mount gambier,-37.8333,140.7667,25.33,42,0,2.64,AU,1667868609
260,torbay,47.6666,-52.7314,15.98,95,100,11.32,CA,1667868560
261,leninsk-kuznetskiy,54.6567,86.1737,-3.71,84,48,1.26,RU,1667868768
262,ariquemes,-9.9133,-63.0408,26.16,46,15,0.7,BR,1667868768
263,wuwei,37.9281,102.6414,4.88,40,16,2.3,CN,1667868769
264,lata,40.1629,-8.3327,16.07,95,99,3.02,PT,1667868769
265,cotonou,6.3654,2.4183,27.99,83,20,3.6,BJ,1667868770
266,karratha,-20.7377,116.8463,23.4,43,0,6.52,AU,1667868606
267,manavalakurichi,8.1333,77.3,25.19,79,98,1.38,IN,1667868770
268,pierre,44.3683,-100.351,5.59,48,0,12.96,US,1667868771
269,aleksandrov gay,50.147,48.5704,1.82,76,100,3.02,RU,1667868771
270,nouakchott,18.0858,-15.9785,20.96,65,6,4.82,MR,1667868772
271,plettenberg bay,-34.0527,23.3716,15.25,71,0,3.05,ZA,1667868772
272,saldanha,-33.0117,17.9442,15.53,87,29,2.99,ZA,1667868651
273,juneau,58.3019,-134.4197,-2.0,100,20,7.2,US,1667868773
274,arlit,18.7369,7.3853,21.75,21,94,3.63,NE,1667868589
275,parrita,9.5201,-84.3225,24.93,89,100,0.9,CR,1667868774
276,kyren,51.6828,102.1408,-2.57,95,99,1.4,RU,1667868774
277,boyolangu,-8.1181,111.8935,25.32,88,97,1.31,ID,1667868775
278,sorland,67.667,12.6934,5.92,66,7,9.81,NO,1667868574
279,northam,51.0333,-4.2167,10.7,93,100,9.27,GB,1667868775
280,vila franca do campo,37.7167,-25.4333,16.23,84,100,3.56,PT,1667868608
281,ratnagiri,16.9833,73.3,23.22,54,61,3.06,IN,1667868661
282,labuhan,-6.8844,112.2051,27.42,75,97,2.4,ID,1667868776
283,kyzyl-suu,42.3414,78.0056,4.13,55,100,1.61,KG,1667868776
284,big spring,32.2504,-101.4787,22.25,74,0,6.17,US,1667868777
285,nkowakowa,-23.8878,30.2871,20.2,82,100,0.52,ZA,1667868777
286,champerico,14.3,-91.9167,24.3,79,100,1.38,GT,1667868778
287,verkhnyaya toyma,62.2349,44.9985,2.32,97,100,3.17,RU,1667868705
288,skjervoy,70.0311,20.9714,2.0,68,20,3.69,NO,1667868778
289,payo,-3.7508,103.6372,24.58,92,100,0.36,ID,1667868779
290,boden,65.8252,21.6886,-3.0,83,14,1.83,SE,1667868779
291,dalian,38.9122,121.6022,10.35,46,0,0.0,CN,1667868779
292,leningradskiy,69.3833,178.4167,-9.18,88,100,3.14,RU,1667868654
293,marabba,12.35,32.1833,27.11,19,93,3.91,SD,1667868780
294,camacha,33.0833,-16.3333,17.68,94,20,1.03,PT,1667868780
295,port hedland,-20.3167,118.5667,26.03,38,0,6.69,AU,1667868781
296,novobeysugskaya,45.472,39.8861,3.95,76,100,6.11,RU,1667868782
297,zhanaozen,43.3,52.8,0.47,75,1,2.42,KZ,1667868782
298,benguela,-12.5763,13.4055,23.46,80,31,1.84,AO,1667868659
299,bilibino,68.0546,166.4372,-19.75,96,66,1.8,RU,1667868783
300,komsomolskiy,40.4272,71.7189,9.4,81,75,2.06,UZ,1667868589
301,flinders,-34.5833,150.8552,22.99,62,51,3.87,AU,1667868784
302,onguday,50.75,86.15,1.02,98,100,0.97,RU,1667868784
303,kaeo,-35.1,173.7833,15.74,95,100,6.12,NZ,1667868785
304,tyazhinskiy,56.116,88.524,-5.18,98,87,1.6,RU,1667868785
305,ust-ilimsk,58.0006,102.6619,-5.29,89,100,5.04,RU,1667868786
306,thunder bay,48.4001,-89.3168,-2.01,74,0,1.54,CA,1667868786
307,macae,-22.3708,-41.7869,21.86,78,0,1.03,BR,1667868787
308,nhamunda,-2.1861,-56.7131,23.89,90,100,0.35,BR,1667868788
309,miles city,46.4083,-105.8406,8.01,46,100,4.97,US,1667868788
310,mackay,-21.15,149.2,28.16,60,0,6.84,AU,1667868789
311,sukhobuzimskoye,56.5,93.2728,-4.62,95,94,2.05,RU,1667868790
312,lahij,13.1667,44.5833,22.63,77,2,1.81,YE,1667868791
313,taseyevo,57.2169,94.8978,-5.32,96,85,1.76,RU,1667868791
314,sabaudia,41.3003,13.0282,14.71,59,0,2.17,IT,1667868785
315,ahipara,-35.1667,173.1667,16.21,91,90,6.49,NZ,1667868792
316,touros,-5.1989,-35.4608,25.62,77,100,4.8,BR,1667868793
317,podor,16.6527,-14.9587,25.97,47,0,1.03,MR,1667868793
318,kushima,31.4583,131.2333,20.58,66,1,1.78,JP,1667868634
319,bukachacha,52.9833,116.9167,-6.24,87,100,1.16,RU,1667868794
320,vardo,70.3705,31.1107,-0.01,93,40,3.09,NO,1667868592
321,nanakuli,21.3906,-158.1547,29.37,57,40,6.17,US,1667868795
322,kpandu,6.9954,0.2931,25.01,79,100,1.54,GH,1667868795
323,saskylakh,71.9167,114.0833,-31.0,99,43,2.46,RU,1667868614
324,asau,46.4333,26.4,5.71,83,100,1.54,RO,1667868621
325,cape canaveral,28.4058,-80.6048,26.15,69,0,8.23,US,1667868796
326,san cristobal,7.7669,-72.225,22.1,96,99,0.97,VE,1667868595
327,amalapuram,16.5833,82.0167,20.78,90,0,1.84,IN,1667868797
328,bamiantong,44.9333,130.5333,3.35,48,7,4.34,CN,1667868797
329,trairi,-3.2778,-39.2689,26.01,70,81,4.03,BR,1667868742
330,whitianga,-36.8333,175.7,14.92,93,100,7.94,NZ,1667868709
331,loa janan,-0.583,117.095,28.53,66,100,1.52,ID,1667868798
332,paciran,-6.8767,112.3761,27.44,74,99,1.69,ID,1667868798
333,meadow lake,34.8014,-106.5436,16.75,29,66,3.67,US,1667868799
334,olafsvik,64.8945,-23.7142,5.74,75,100,7.13,IS,1667868799
335,jackson,42.4165,-122.8345,7.31,79,100,1.1,US,1667868800
336,baykalsk,51.5058,104.1469,-1.03,93,100,2.89,RU,1667868801
337,ixtapa,20.7,-105.2,22.21,92,34,0.55,MX,1667868801
338,saint-joseph,-21.3667,55.6167,21.21,77,39,2.05,RE,1667868802
339,ust-tsilma,65.441,52.1498,0.21,98,100,2.47,RU,1667868802
340,frei paulo,-10.5494,-37.5344,21.23,87,90,4.0,BR,1667868804
341,mount isa,-20.7333,139.5,34.87,24,0,4.12,AU,1667868804
342,teya,60.3778,92.6267,-9.78,97,94,1.72,RU,1667868805
343,kudahuvadhoo,2.6708,72.8944,27.35,74,18,4.29,MV,1667868788
344,harper,4.375,-7.7169,25.83,83,100,2.73,LR,1667868565
345,lorengau,-2.0226,147.2712,29.27,73,100,2.56,PG,1667868691
346,pemangkat,1.1667,108.9667,25.87,85,100,1.13,ID,1667868806
347,lasa,46.6166,10.7002,6.49,60,96,0.79,IT,1667868697
348,uray,60.1247,64.7758,-2.56,93,100,3.67,RU,1667868806
349,san quintin,30.4833,-115.95,18.14,83,0,5.2,MX,1667868629
350,mareeba,-17.0,145.4333,29.69,63,7,2.99,AU,1667868807
351,prince rupert,54.3161,-130.3201,-1.17,30,0,7.2,CA,1667868808
352,khorinsk,52.1657,109.7726,-2.01,70,100,1.91,RU,1667868808
353,pecos,31.4229,-103.4932,24.46,46,0,0.0,US,1667868738
354,ancud,-41.8697,-73.8203,12.05,95,99,1.34,CL,1667868779
355,nioki,-2.7167,17.6833,21.16,96,100,0.2,CD,1667868809
356,gusau,12.1628,6.6614,22.13,24,39,3.65,NG,1667868809
357,castro alves,-12.7656,-39.4283,21.15,79,90,3.32,BR,1667868810
358,shaoxing,30.011,120.5715,16.97,68,0,0.74,CN,1667868810
359,hofn,64.2539,-15.2082,6.54,92,100,12.09,IS,1667868811
360,coahuayana,18.7333,-103.6833,24.18,92,15,1.27,MX,1667868767
361,dong hoi,17.4833,106.6,22.68,82,100,3.76,VN,1667868811
362,cherskiy,68.75,161.3,-21.02,98,18,1.14,RU,1667868812
363,okhotsk,59.3833,143.3,-13.28,66,4,9.03,RU,1667868812
364,merauke,-8.4667,140.3333,28.8,71,47,2.44,ID,1667868813
365,balkanabat,39.5108,54.3671,5.43,56,0,1.96,TM,1667868813
366,namibe,-15.1961,12.1522,19.97,77,0,2.99,AO,1667868814
367,mayumba,-3.432,10.6554,24.89,90,38,2.46,GA,1667868814
368,manga,11.6636,-1.0731,23.58,17,16,2.8,BF,1667868815
369,tocopilla,-22.092,-70.1979,17.78,69,5,1.4,CL,1667868815
370,dali,25.7,100.1833,11.35,67,0,0.45,CN,1667868816
371,ereymentau,51.6199,73.1033,-3.78,95,98,1.11,KZ,1667868816
372,makakilo city,21.3469,-158.0858,28.02,63,40,6.17,US,1667868817
373,tafalla,42.5269,-1.6745,16.19,68,100,4.27,ES,1667868817
374,inuvik,68.3499,-133.7218,-14.44,72,20,2.57,CA,1667868612
375,paamiut,61.994,-49.6678,-8.08,59,100,3.24,GL,1667868818
376,lagos,6.5833,3.75,27.18,91,72,0.5,NG,1667868655
377,cartagena,10.3997,-75.5144,23.79,100,75,2.06,CO,1667868308
378,pontes e lacerda,-15.2261,-59.3353,23.16,41,0,2.12,BR,1667868819
379,vetluga,57.8557,45.781,0.27,96,100,3.24,RU,1667868819
380,kenai,60.5544,-151.2583,-4.36,97,100,4.12,US,1667868820
381,gurlan,41.8447,60.3919,4.04,73,100,3.34,UZ,1667868820
382,santa isabel do rio negro,-0.4139,-65.0192,23.17,97,94,0.6,BR,1667868821
383,mabai,23.0128,104.4508,13.51,85,3,0.84,CN,1667868821
384,roebourne,-20.7833,117.1333,24.18,41,0,6.12,AU,1667868821
385,tual,-5.6667,132.75,28.78,71,97,4.1,ID,1667868822
386,valparaiso,-33.0393,-71.6273,13.8,82,100,3.6,CL,1667868569
387,wenling,28.3669,121.36,18.53,71,0,2.97,CN,1667868822
388,kutum,14.2,24.6667,19.23,28,4,3.31,SD,1667868823
389,ranau,5.9538,116.6641,26.16,77,98,0.6,MY,1667868823
390,usinsk,65.9939,57.5281,-3.72,96,100,6.04,RU,1667868751
391,msanga,-6.05,36.0333,20.92,73,84,3.48,TZ,1667868824
392,flin flon,54.7682,-101.865,-13.09,72,100,2.57,CA,1667868825
393,charlestown,-32.95,151.6667,23.16,64,26,2.24,AU,1667868598
394,aykhal,66.0,111.5,-20.49,100,99,1.3,RU,1667868825
395,kayanza,-3.0667,29.6667,13.95,93,100,0.62,BI,1667868826
396,sakakah,29.9697,40.2064,14.76,42,100,3.21,SA,1667868826
397,birao,10.2849,22.7882,24.81,28,80,2.28,CF,1667868827
398,saint-georges,12.0564,-61.7485,27.82,83,40,9.26,GD,1667868827
399,ballina,-28.8667,153.5667,19.32,94,99,2.24,AU,1667868827
400,carmarthen,51.8555,-4.3054,12.99,82,75,14.4,GB,1667868828
401,turka,49.1541,23.0297,3.78,91,48,1.87,UA,1667868828
402,bathsheba,13.2167,-59.5167,28.34,78,20,7.72,BB,1667868675
403,baykit,61.67,96.37,-12.98,99,89,1.35,RU,1667868628
404,paraguari,-25.6208,-57.1472,18.51,57,77,2.21,PY,1667868829
405,abrau-dyurso,44.69,37.59,0.7,72,98,2.95,RU,1667868829
406,kasongo,-4.45,26.6667,19.52,98,97,0.74,CD,1667868830
407,quelimane,-17.8786,36.8883,25.04,86,11,3.55,MZ,1667868830
408,luangwa,-15.6167,30.4167,25.28,77,100,0.31,ZM,1667868831
409,evensk,61.95,159.2333,-4.84,70,100,3.27,RU,1667868831
410,ambunti,-4.2365,142.8448,26.51,86,100,0.7,PG,1667868832
411,salisbury,51.0693,-1.7957,15.8,74,75,15.43,GB,1667868757
412,kandrian,-6.2167,149.55,29.75,69,99,2.26,PG,1667868832
413,santa cruz,-17.8,-63.1667,24.7,50,14,2.06,BO,1667868651
414,laguna,38.421,-121.4238,13.93,78,100,7.72,US,1667868833
415,sheopur,25.6667,76.7,23.21,45,94,2.47,IN,1667868833
416,sistranda,63.7256,8.834,4.98,68,100,3.02,NO,1667868834
417,genhe,50.7833,121.5167,-6.37,87,96,1.13,CN,1667868562
418,gizo,-8.103,156.8419,28.91,72,88,4.12,SB,1667868834
419,skelleftea,64.7507,20.9528,-2.8,100,6,2.57,SE,1667868835
420,sumbe,-11.2061,13.8437,24.85,82,98,3.02,AO,1667868835
421,ardakan,32.31,54.0175,10.42,46,5,4.89,IR,1667868836
422,chokurdakh,70.6333,147.9167,-24.31,96,63,5.09,RU,1667868582
423,storforshei,66.4043,14.5233,-1.3,93,4,1.03,NO,1667868836
424,kalmunai,7.4167,81.8167,24.7,88,100,3.39,LK,1667868567
425,puri,19.8,85.85,21.29,77,80,1.98,IN,1667868837
426,college,64.8569,-147.8028,-6.78,67,100,0.45,US,1667868838
427,umm lajj,25.0213,37.2685,23.15,60,0,4.02,SA,1667868838
428,shahr-e babak,30.1165,55.1186,10.2,47,1,1.06,IR,1667868838
429,nazarovo,56.0064,90.3914,-5.39,98,86,1.59,RU,1667868839
430,khandyga,62.6667,135.6,-24.05,95,97,1.37,RU,1667868839
431,baherden,38.4362,57.4316,4.85,60,8,0.77,TM,1667868840
432,linden,6.0,-58.3,23.66,97,100,1.13,GY,1667868840
433,faanui,-16.4833,-151.75,26.03,73,21,2.97,PF,1667868841
434,broken hill,-31.95,141.4333,24.73,34,99,3.58,AU,1667868841
435,kempsey,-31.0833,152.8333,18.3,88,60,1.34,AU,1667868842
436,radhanpur,23.8333,71.6,23.51,52,0,3.17,IN,1667868842
437,petropavlovsk-kamchatskiy,53.0452,158.6483,0.33,64,75,3.0,RU,1667868843
438,opuwo,-18.0607,13.84,16.63,45,0,0.36,NA,1667868843
439,panaba,21.2833,-88.2667,24.0,86,0,3.9,MX,1667868781
440,domoni,-12.2569,44.5319,24.83,87,50,2.69,KM,1667868844
441,derac,19.65,-71.8167,25.01,82,67,2.34,HT,1667868845
442,spirit river,55.7833,-118.8361,-16.76,96,100,4.7,CA,1667868845
443,los llanos de aridane,28.6585,-17.9182,18.86,46,0,3.6,ES,1667868845
444,havelock,34.8791,-76.9013,22.19,87,40,0.0,US,1667868846
445,dubti,11.7361,41.0853,26.29,53,0,2.89,ET,1667868846
446,castelo do piaui,-5.3222,-41.5525,26.0,69,92,1.56,BR,1667868789
447,pandan,14.0453,124.1694,28.43,82,100,4.09,PH,1667868847
448,ayr,55.4627,-4.6339,12.99,82,20,10.8,GB,1667868848
449,jacareacanga,-6.2222,-57.7528,22.39,97,100,1.94,BR,1667868590
450,buba,11.5833,-15.0,24.58,77,76,1.87,GW,1667868848
451,mozarlandia,-14.7447,-50.5706,26.04,56,36,2.67,BR,1667868849
452,leon,21.1167,-101.6667,18.56,35,0,5.75,MX,1667868849
453,virtsu,58.5716,23.5115,10.55,91,100,9.42,EE,1667868850
454,dandong,40.1292,124.3947,7.58,54,1,1.55,CN,1667868850
455,pyaozerskiy,65.8333,31.1667,-2.65,93,19,0.9,RU,1667868851
456,pekalongan,-6.8886,109.6753,27.5,77,100,1.02,ID,1667868851
457,upata,8.0086,-62.3989,21.78,95,100,1.48,VE,1667868644
458,atherton,53.5237,-2.4935,14.3,89,100,2.24,GB,1667868852
459,khasan,42.4308,130.6434,7.32,43,0,5.29,RU,1667868652
460,badami,15.915,75.6768,19.33,72,8,2.56,IN,1667868852
461,tuatapere,-46.1333,167.6833,18.24,52,91,2.22,NZ,1667868628
462,nioro,13.35,-15.75,24.3,63,100,2.37,GM,1667868853
463,altamont,42.2068,-121.7372,1.66,79,100,2.68,US,1667868854
464,manaus,-3.1019,-60.025,26.28,83,40,1.03,BR,1667868579
465,roma,43.2128,-75.4557,9.65,56,4,4.92,US,1667868854
466,querfurt,51.3833,11.6,10.82,91,59,3.91,DE,1667868855
467,panchagarh,26.3313,88.562,19.9,81,3,1.47,BD,1667868855
468,cururupu,-1.8283,-44.8683,24.23,93,69,1.58,BR,1667868856
469,turukhansk,65.8167,87.9833,-7.89,96,100,5.15,RU,1667868856
470,monte patria,-30.6919,-70.9467,19.43,59,100,1.44,CL,1667868857
471,basco,20.4487,121.9702,26.26,82,24,9.62,PH,1667868857
472,fort madison,40.6298,-91.3151,9.13,49,100,2.06,US,1667868858
473,cap malheureux,-19.9842,57.6142,20.82,78,12,1.34,MU,1667868794
474,chutove,49.7104,35.1603,0.64,83,2,2.44,UA,1667868859
475,quatre cocos,-20.2078,57.7625,22.06,79,60,4.9,MU,1667868646
476,caravelas,-17.7125,-39.2481,21.15,74,100,2.17,BR,1667868860
477,zeya,53.75,127.2667,-7.77,84,19,0.85,RU,1667868651
478,vicuna,-30.0319,-70.7081,9.85,57,100,0.75,CL,1667868860
479,borba,-4.3878,-59.5939,23.31,96,92,0.94,BR,1667868861
480,puerto carreno,6.189,-67.4859,25.74,84,93,1.54,CO,1667868861
481,pacific grove,36.6177,-121.9166,13.57,72,80,4.02,US,1667868862
482,amapa,1.0,-52.0,21.26,100,100,0.62,BR,1667868863
483,krasnozatonskiy,61.6758,50.9794,-0.88,100,100,4.02,RU,1667868863
484,birin,26.8865,88.0718,12.3,84,77,1.14,NP,1667868863
485,pisco,-13.7,-76.2167,17.03,82,0,5.14,PE,1667868623
486,nedryhayliv,50.834,33.8763,0.52,83,14,3.4,UA,1667868864
487,damphu,27.0721,90.1096,14.82,80,35,1.46,BT,1667868865
488,vila velha,-20.3297,-40.2925,23.3,79,75,2.06,BR,1667868612
489,esperance,-33.8667,121.9,14.91,74,100,6.91,AU,1667868866
490,khash,28.2211,61.2158,13.75,49,0,0.52,IR,1667868866
491,mizdah,31.4451,12.9801,10.9,78,0,0.39,LY,1667868867
492,santa marta,11.2408,-74.199,27.72,73,75,2.57,CO,1667868076
493,lazo,43.3817,133.9014,4.02,59,2,2.23,RU,1667868868
494,garowe,8.4054,48.4845,22.04,82,2,3.89,SO,1667868868
495,wheatley,51.7473,-1.1394,14.95,79,100,11.83,GB,1667868868
496,areosa,41.7178,-8.8571,16.6,90,100,8.46,PT,1667868869
497,lanzhou,36.0564,103.7922,9.58,65,12,1.15,CN,1667868869
498,hereford,52.0568,-2.7148,14.47,92,100,0.45,GB,1667868870
499,port-cartier,50.0334,-66.8654,5.82,60,15,9.03,CA,1667868870
500,port moresby,-9.4431,147.1797,31.68,58,40,2.57,PG,1667868871
501,kalawit,8.0667,122.5167,28.82,73,100,1.68,PH,1667868871
502,daru,-9.0763,143.2092,26.33,86,100,1.97,PG,1667868592
503,yekimovichi,54.1129,33.2965,4.67,84,100,4.53,RU,1667868872
504,ambon,-3.6954,128.1814,31.08,70,20,1.54,ID,1667868740
505,mandera,3.9366,41.867,25.76,68,96,6.86,KE,1667868873
506,madimba,-10.4,40.3333,23.93,84,39,2.86,TZ,1667868873
507,bonanza,14.0289,-84.591,22.73,75,56,0.99,NI,1667868873
508,moussoro,13.6408,16.4901,26.53,20,6,4.99,TD,1667868874
509,bihariganj,25.7333,86.9833,20.96,72,11,1.37,IN,1667868874
510,dingle,10.9995,122.6711,28.75,79,96,3.69,PH,1667868577
511,horsham,51.064,-0.3272,15.57,77,0,6.69,GB,1667868875
512,salinas,36.6777,-121.6555,14.48,55,100,4.12,US,1667868837
513,samarai,-10.6167,150.6667,28.97,69,33,3.44,PG,1667868876
514,ca mau,9.1769,105.15,26.59,83,81,1.39,VN,1667868876
515,vanavara,60.34,102.2797,-7.93,90,100,4.34,RU,1667868877
516,capanema,-1.1958,-47.1808,23.03,97,100,0.99,BR,1667868877
517,penalva,-3.2942,-45.1736,24.06,95,100,1.49,BR,1667868878
518,bodden town,19.2833,-81.25,28.0,76,20,5.14,KY,1667868878
519,mountain home,43.133,-115.6912,4.71,60,20,3.6,US,1667868601
520,isangel,-19.55,169.2667,24.06,94,75,5.66,VU,1667868554
521,vao,-22.6667,167.4833,23.61,85,90,8.06,NC,1667868851
522,aklavik,68.2191,-135.0107,-18.0,85,40,1.54,CA,1667868636
523,niederkruchten,51.2,6.2167,12.89,84,13,4.11,DE,1667868880
524,cervo,43.6702,-7.4101,12.76,82,100,7.56,ES,1667868880
525,nadvoitsy,63.8667,34.3167,4.38,98,100,2.08,RU,1667868880
526,la tuque,47.4334,-72.7824,5.14,65,100,2.06,CA,1667868772
527,loukhi,66.0764,33.0381,-3.72,97,13,0.98,RU,1667868881
528,sambava,-14.2667,50.1667,20.48,89,100,3.28,MG,1667868714
529,genc,38.7507,40.5603,9.96,80,100,2.05,TR,1667868882
530,praia da vitoria,38.7333,-27.0667,16.53,94,75,5.63,PT,1667868882
531,rabo de peixe,37.8,-25.5833,15.73,97,20,2.57,PT,1667868882
532,makueni,-1.8041,37.6203,17.24,95,92,1.82,KE,1667868883
533,havoysund,70.9963,24.6622,5.13,71,10,4.71,NO,1667868656
534,jutai,-5.1833,-68.9,24.78,61,7,0.59,BR,1667868884
535,ferme-neuve,46.7001,-75.4493,4.27,65,70,5.58,CA,1667868884
536,tautira,-17.7333,-149.15,24.68,84,26,5.88,PF,1667868884
537,chino valley,34.7575,-112.4538,13.95,36,1,0.89,US,1667868696
538,salalah,17.0151,54.0924,23.6,72,0,1.22,OM,1667868647
539,gobabis,-22.45,18.9667,16.56,70,0,2.45,NA,1667868885
540,sokol,59.4617,40.1206,0.82,95,100,3.78,RU,1667868886
541,coquimbo,-29.9533,-71.3436,13.85,88,100,1.54,CL,1667868886
542,sechura,-5.5569,-80.8222,17.92,82,9,7.1,PE,1667868887
543,bayaguana,18.7564,-69.6362,27.19,92,17,2.11,DO,1667868887
544,gashua,12.871,11.0482,23.33,19,17,4.05,NG,1667868887
545,bud,39.447,-86.1758,13.15,38,100,3.92,US,1667868706
546,mto wa mbu,-3.35,35.85,20.55,82,76,1.04,TZ,1667868888
547,banda aceh,5.5577,95.3222,26.8,76,100,3.81,ID,1667868889
548,antofagasta,-23.65,-70.4,15.71,79,46,1.48,CL,1667868166
549,butembo,0.15,29.2833,13.66,97,91,1.06,CD,1667868889
550,cabo rojo,18.0866,-67.1457,27.21,90,13,0.45,PR,1667868890
551,japura,-0.3167,102.35,24.69,91,100,0.43,ID,1667868890
552,misratah,32.3754,15.0925,20.64,63,21,4.23,LY,1667868890
553,port macquarie,-31.4333,152.9167,19.97,63,69,3.61,AU,1667868566
554,salym,60.0625,71.4789,-7.51,97,96,2.82,RU,1667868645
555,acapulco,16.8634,-99.8901,26.76,86,42,2.46,MX,1667868536
556,badarwas,24.9667,77.5667,21.49,49,100,3.02,IN,1667868891
557,diapaga,12.0708,1.7889,23.81,22,28,2.35,BF,1667868892
558,brejo da madre de deus,-8.1458,-36.3711,21.06,90,87,2.02,BR,1667868892
